{
    "model_name": "Baseline Random Forest",
    "mae": 20776.73240551205,
    "rmse": 39475.33967133702,
    "r2": 0.4487664527384523,
    "mape": 33.84124607479682,
    "n_train": 397458,
    "n_test": 99365
}