model_name,mae,r2,mape
PyCaret - CatBoostRegressor,19681.431232546587,0.5030801977262439,32.52010479026831
